<?xml version="1.0" encoding="utf-8"?>
<configuration>
	<properties>
		<!--property id="width">800</property>
		<property id="height">400</property>		
		<property id="disableSave">true</property>
		<property id="disableOpen">true</property>
		<property id="enableClose">true</property>
		<property id="defaultFont">fraktur</property>		
		<property id="defaultFontSize">30</property>		
		<property id="defaultBold">true</property>		
		<property id="defaultItalic">true</property>		
		<property id="defaultForegroundColor">#ff0000</property>		
		<property id="fontList">fraktur,script</property-->
		
		
		<property id="urlGenerateImage">/zywx/ueditor/connectorServlet?action_=imageCapture</property>
		<property id="defaultImageType">PNG</property>
		<!--property id="imageMultiplicationSize">2.3</property-->		
		<property id="defaultImageCompression">100</property>
		<property id="transparentBackground">true</property>		
		<property id="transparentColor">#FFFFFF</property>				
		
		<!--property id="defaultBackcolor">#0000ff</property-->
		<property id="designId">CKE</property>		
		<property id="theme">CKELookEditorBlue.xml</property>

		
		<!--property id="loadJapaneseFonts">true</property-->
		
	</properties>
	<toolbars>
		<!--toolbar id="toolbar_top1" disabled="true"/>
		<toolbar id="toolbar_top2" disabled="true"/-->		
	</toolbars>
	<buttons>
		<!--button id="toolbar_Equation1" disabled="true"/>
		<button id="toolbar_Fraction1" disabled="true"/-->		
	</buttons>
	<lookandfeeldesigns>
		<design lookId="XP" translateCode="lookAndFeelXP"/>
		<design lookId="YUI" translateCode="lookAndFeelYui"/>
		<design lookId="CKE" translateCode="lookAndFeelCKE"/>				
		<design lookId="Tiny" translateCode="lookAndFeelTiny"/>		
	</lookandfeeldesigns>	
	<lookandfeelthemes>
		<theme lookId="XP" translateCode="lookAndFeelXpBlue" file="XpLookEditorBlue.xml" />
		<theme lookId="XP" translateCode="lookAndFeelXpRed" file="XpLookEditorRed.xml" />		
		<theme lookId="XP" translateCode="lookAndFeelXpGreen" file="XpLookEditorGreen.xml" />		
		<theme lookId="YUI" translateCode="lookAndFeelYuiBlack" file="YUILookEditorBlack.xml" />
		<theme lookId="YUI" translateCode="lookAndFeelXpBlue" file="YUILookEditorBlue.xml" />	
		<theme lookId="CKE" translateCode="lookAndFeelCKEBlue" file="CKELookEditorBlue.xml" />		
		<theme lookId="Tiny" translateCode="lookAndFeelTinyDefault" file="TinyLookEditorDefault.xml" />		
		<theme lookId="Tiny" translateCode="lookAndFeelTinyRed" file="TinyLookEditorRed.xml" />	
	</lookandfeelthemes>	
	<languages>
		<langue translateCode="languageEn" file="EditorTextEn.xml" />
		<langue translateCode="languageFr" file="EditorTextFr.xml" />
		<langue translateCode="languageRo" file="EditorTextRo.xml" />		
	</languages>	
</configuration>