<?xml version="1.0" encoding="utf-8"?>
<configuration>
	<translate>
		<text id="propComboLEFT">LEFT</text>
		<text id="propComboCENTER">CENTER</text>
		<text id="propComboRIGHT">RIGHT</text>
		<text id="propComboTOP">TOP</text>
		<text id="propComboBOTTOM">BOTTOM</text>
		<text id="propComboNONE">NONE</text>
		<text id="propComboSOLID">SOLID</text>
		<text id="propComboDASHED">DASHED</text>		
		<text id="propLabelText">Text:</text>
		<text id="propLabelHref">HRef:</text>
		<text id="propLabelBorder">Border:</text>
		<text id="propLabelBorderColor">Border color:</text>
		<text id="propLabelVariant">Font:</text>
		<text id="propLabelSize">Size:</text>
		<text id="propLabelColor">Color:</text>
		<text id="propLabelBackcolor">Backcolor:</text>
		<text id="propLabelShiftSup">Superscript shift:</text>
		<text id="propLabelShiftY">Shift Y:</text>
		<text id="propLabelShiftX">Shift X:</text>
		<text id="propLabelBevelled">Bevelled:</text>
		<text id="propLabelNumAlign">Numerator align:</text>
		<text id="propLabelDenumAlign">Denominator align:</text>
		<text id="propLabelThickness">Line thickness:</text>
		<text id="propLabelNumber">Number:</text>
		<text id="propLabelRowalign">Row align:</text>
		<text id="propLabelRowspan">Row span:</text>
		<text id="propLabelColumnalign">Column align:</text>
		<text id="propLabelColumnspan">Column span:</text>
		<text id="propLabelFrame">Frame:</text>
		<text id="propLabelFramespacing">Frame spacing:</text>
		<text id="propLabelRowlines">Row lines:</text>
		<text id="propLabelRowspacing">Row spacing:</text>
		<text id="propLabelColumnlines">Column lines:</text>
		<text id="propLabelColumnspacing">Column spacing:</text>
		<text id="propLabelOpen">Open:</text>
		<text id="propLabelClose">Close:</text>
		<text id="propLabelLongdiv">Longdiv:</text>		
		<text id="propLabelActuarial">Actuarial:</text>		
		<text id="propLabelRadical">Radical:</text>
		<text id="propLabelBox">Box:</text>
		<text id="propLabelRoundedbox">Rounded box:</text>
		<text id="propLabelCircle">Circle:</text>
		<text id="propLabelLeft">Left:</text>
		<text id="propLabelRight">Right:</text>
		<text id="propLabelTop">Top:</text>
		<text id="propLabelBottom">Bottom:</text>
		<text id="propLabelUpdiagonalstrike">Up diagonal:</text>
		<text id="propLabelDowndiagonalstrike">Down diagonal:</text>
		<text id="propLabelVerticalstrike">Vertical:</text>
		<text id="propLabelHorizontalstrike">Horizontal:</text>
		<text id="propLabelMadruwb">Madruwb:</text>
		<text id="propLabelWidth">Width:"</text>
		<text id="propLabelHeight">Height:"</text>
		<text id="propLabelBreak">Is break?"</text>
		<text id="propLabelLspace">Left space:</text>
		<text id="propLabelDepth">Depth:</text>
		<text id="propLabelStretchy">Is stretchy?</text>
		<text id="propLabelMaxsize">Max size:</text>
		<text id="propLabelMinsize">Min size:</text>
		<text id="propLabelShiftSub">Subscript shift:</text>
		<text id="propLabelNbPrescripts">Nb prescripts:</text>
		<text id="propLabelNbPostscripts">Nb postscripts:</text>
		
		<text id="propLabelCharalign">Char align:</text>
		<text id="propLabelCharspacing">Char spacing:</text>		
		<text id="propPosition">Position:</text>		
		<text id="propLength">Length:</text>				
		<text id="propShift">Shift:</text>
		<text id="propLeftoverhang">Left over:</text>
		<text id="propRightoverhang">Right over:</text>		

		
		<text id="propUpdateButton">Update</text>		

		<text id="mathProperties">math properties</text>
		<text id="mrowProperties">mrow properties</text>
		<text id="mfencedProperties">mfenced properties</text>
		<text id="mencloseProperties">menclose properties</text>
		<text id="mphantomProperties">mphantom properties</text>
		<text id="mpaddedProperties">mpadded properties</text>
		<text id="merrorProperties">merror properties</text>
		<text id="mspaceProperties">mspace properties</text>
		<text id="mfracProperties">mfrac properties</text>
		<text id="msqrtProperties">msqrt properties</text>
		<text id="mrootProperties">mroot properties</text>
		<text id="mmultiscriptsProperties">mmultiscripts properties</text>
		<text id="noneProperties">none properties</text>
		<text id="msupProperties">msup properties</text>
		<text id="msubProperties">msub properties</text>
		<text id="msubsupProperties">msubsup properties</text>
		<text id="moverProperties">mover properties</text>
		<text id="munderProperties">munder properties</text>
		<text id="munderoverProperties">munderover properties</text>
		<text id="mnProperties">mn properties</text>
		<text id="mtextProperties">mtext properties</text>
		<text id="moProperties">mo properties</text>
		<text id="miProperties">mi properties</text>
		<text id="msProperties">ms properties</text>
		<text id="mtableProperties">mtable properties</text>
		<text id="mtrProperties">mtr properties</text>
		<text id="mtdProperties">mtd properties</text>
		<text id="mstyleProperties">mstyle properties</text>
		<text id="mactionProperties">maction properties</text>
		<text id="mstackProperties">mstack properties</text>
		<text id="msrowProperties">msrow properties</text>
		<text id="mslineProperties">msline properties</text>
		<text id="mscarriesProperties">mscarries properties</text>
		<text id="mscarryProperties">mscarry properties</text>
		<text id="mlongdivProperties">mlongdiv properties</text>
		<text id="msgroupProperties">msgroup properties</text>
		<text id="mprescriptsProperties">mprescripts properties</text>
		
		<text id="mathElement">Top-level element</text>
		<text id="mrowElement">Group of elements</text>
		<text id="mfencedElement">Fences</text>
		<text id="mencloseElement">Enclose content</text>
		<text id="mphantomElement">Invisible content</text>
		<text id="mpaddedElement">Space around content</text>
		<text id="merrorElement">Error message</text>
		<text id="mspaceElement">Blank space</text>
		<text id="mfracElement">Fraction</text>
		<text id="msqrtElement">Square root</text>
		<text id="mrootElement">Radical with index</text>
		<text id="mmultiscriptsElement">Prescripts and tensor</text>
		<text id="noneElement">Empty element</text>
		<text id="msupElement">Superscript</text>
		<text id="msubElement">Subscript</text>
		<text id="msubsupElement">Sub-Superscript</text>
		<text id="moverElement">Overscript</text>
		<text id="munderElement">Underscript</text>
		<text id="munderoverElement">Under-Overscript</text>
		<text id="mnElement">Number</text>
		<text id="mtextElement">Text</text>
		<text id="moElement">Operator</text>
		<text id="miElement">Identifier</text>
		<text id="msElement">String literal</text>
		<text id="mtableElement">Table</text>
		<text id="mtrElement">Row in a table</text>
		<text id="mtdElement">Cell in a table</text>
		<text id="mstyleElement">Style change</text>
		<text id="mactionElement">Bind actions</text>
		<text id="mstackElement">Rows of numbers</text>
		<text id="msrowElement">A row of numbers</text>
		<text id="mslineElement">Horizontal line</text>
		<text id="mscarriesElement">Row of carries</text>
		<text id="mscarryElement">Carry</text>
		<text id="mlongdivElement">Long divison</text>
		<text id="msgroupElement">Group of numbers</text>
		<text id="mprescriptsElement">Separator element</text>
		
		<text id="mathDesc">MathML specifies a single top-level or root math element. All other MathML content must be contained in a math element</text>
		<text id="mrowDesc">An mrow element is used to group together any number of sub-expressions</text>
		<text id="mfencedDesc">Surround content with a pair of fences</text>
		<text id="mencloseDesc">Enclose content with a stretching symbol such as a long division sign</text>
		<text id="mphantomDesc">Make content invisible but preserve its size</text>
		<text id="mpaddedDesc">Adjust space around content</text>
		<text id="merrorDesc">Enclose a syntax error message from a preprocessor</text>
		<text id="mspaceDesc">Blank space of any desired size</text>
		<text id="mfracDesc">Fraction</text>
		<text id="msqrtDesc">Square root</text>
		<text id="mrootDesc">Radical with specified index</text>
		<text id="mmultiscriptsDesc">Attach prescripts and tensor indices to a base</text>
		<text id="noneDesc">Empty element</text>
		<text id="msupDesc">Attach a superscript to a base</text>
		<text id="msubDesc">Attach a subscript to a base</text>
		<text id="msubsupDesc">Attach a subscript-superscript pair to a base</text>
		<text id="moverDesc">Attach an overscript to a base</text>
		<text id="munderDesc">Attach an underscript to a base</text>
		<text id="munderoverDesc">Attach an underscript-overscript pair to a base</text>
		<text id="mnDesc">Represents a sequence of digits, perhaps including a decimal point, representing an unsigned integer or real number.</text>
		<text id="mtextDesc">Represents arbitrary text that should be rendered as itself</text>
		<text id="moDesc">Represents an operator or anything that should be rendered as an operator</text>
		<text id="miDesc">Represents a symbolic name or arbitrary text that should be rendered as an identifier</text>
		<text id="msDesc">Represents "string literals" in expressions meant to be interpreted by computer algebra systems or other systems containing "programming languages".</text>
		<text id="mtableDesc">Represent a table.</text>
		<text id="mtrDesc">Represents a row in a table</text>
		<text id="mtdDesc">Represents one entry, or cell, in a table</text>
		<text id="mstyleDesc">It is used to make style changes that affect the rendering of its contents</text>
		<text id="mactionDesc">Provide a mechanism for binding actions to expressions</text>
		<text id="mstackDesc">It is used to lay out rows of numbers that are aligned on each digit.</text>
		<text id="msrowDesc">Represents a row in a "Rows of numbers"</text>
		<text id="mslineDesc">Horizontal line</text>
		<text id="mscarriesDesc">Row in a "Rows of numbers" that whose contents represent carries or borrows</text>
		<text id="mscarryDesc">Represents the carry for an individual column</text>
		<text id="mlongdivDesc">Long division</text>
		<text id="msgroupDesc">Represents a group of rows in a "Rows of numbers" that are shifted by similar amounts</text>
		<text id="mprescriptsDesc">Separate prescripts elements</text>
		
		<text id="commonProperties">common properties:</text>
		<text id="styleProperties">style properties:</text>
		<text id="fenceOpen">Open:</text>		
		<text id="fenceClose">Close:</text>
		<text id="matrixChoiceLines">Nb of lines:</text>
		<text id="matrixChoiceColumns">Nb of columns:</text>
		<text id="matrixChoiceButton">Create matrix</text>
		<text id="gradeChoiceLines">The grade:</text>		
		<text id="PolynomCreateButton">Create Polynome</text>
		<text id="EquationCreateButton">Create Equation</text>	
		
		<text id="functionPanelTitle">Generate a polynomial function ...</text>
		<text id="equationPanelTitle">Generate a polynomial equation ...</text>
		<text id="tablePanelTitle">Custom table ...</text>
		<text id="matrixPanelTitle">Custom matrix ...</text>		
		<text id="additionPanelTitle">Generate addition ...</text>	
		<text id="additonCreateButton">Create Addition</text>
		<text id="additonDisplayCarries">Display Carries</text>
		<text id="additionSignPosition">Sign "+" position:</text>		
		<text id="additionSignNW">Top - Left</text>
		<text id="additionSignSW">Bottom - Left</text>
		<text id="additionSignNE">Top - Right</text>
		<text id="additionSignSE">Bottom - Right</text>

		
		<text id="currentElement">Selected Element</text>
		<text id="insertElement">Add Element</text>
		<text id="newElementButton">Add New Element</text>		
		
		<text id="font-normal">Serif</text>
		<text id="font-sans-serif">Sans Serif</text>
		<text id="font-script">Script</text>
		<text id="font-double-struck">Double Struck</text>
		<text id="font-fraktur">Fraktur</text>
		<text id="font-monospace">Monospace</text>
		<text id="font-circle">Circle</text>

		<text id="lookAndFeelXP">Xp Design</text>
		<text id="lookAndFeelXpBlue">Blue</text>		
		<text id="lookAndFeelXpRed">Red</text>		
		<text id="lookAndFeelXpGreen">Green</text>				
		
		<text id="lookAndFeelYui">Yui Design</text>
		<text id="lookAndFeelYuiBlack">Default</text>		
		
		<text id="lookAndFeelCKE">CKEditor Design</text>
		<text id="lookAndFeelCKEBlue">Default</text>		
		
		<text id="lookAndFeelTiny">TinyMCE Design</text>
		<text id="lookAndFeelTinyDefault">Default</text>
		<text id="lookAndFeelTinyRed">Red</text>		

		<text id="languageEn">English</text>		
		<text id="languageFr">French</text>		
		<text id="languageRo">Romanian</text>	
		
	<!-- added for version 2.3 -->
		<text id="subtractionPanelTitle">Generate subtraction ...</text>			
		<text id="subtractionCreateButton">Create Subtraction</text>
		<text id="subtractionDisplayCarries">Display Carries</text>
		<text id="subtractionSignPosition">Sign "-" position:</text>		
		<text id="subtractionSignNW">Top - Left</text>
		<text id="subtractionSignSW">Bottom - Left</text>
		<text id="subtractionSignNE">Top - Right</text>
		<text id="subtractionSignSE">Bottom - Right</text>
		
		<text id="multiplicationPanelTitle">Generate multiplication ...</text>			
		<text id="multiplicationCreateButton">Create Multiplication</text>
		<text id="multiplicationDisplayCarries">Display Carries</text>
		<text id="multiplicationSignPosition">Sign "x" position:</text>		
		<text id="multiplicationSignNW">Top - Left</text>
		<text id="multiplicationSignSW">Bottom - Left</text>
		<text id="multiplicationSignNE">Top - Right</text>
		<text id="multiplicationSignSE">Bottom - Right</text>

		<text id="propLabelCrossout">Cross out:</text>
		<text id="propComboNONE">NONE</text>
		<text id="propComboUPDIAGONALSTRIKE">Up Diag</text>
		<text id="propComboDOWNDIAGONALSTRIKE">Down Diag</text>
		<text id="propComboVERTICALSTRIKE">Vertical</text>
		<text id="propComboHORIZONTALSTRIKE">Horizontal</text>		

		<text id="divisionPanelTitle">Generate division ...</text>			
		<text id="divisionCreateButton">Create Division</text>
		<text id="divisionPrecision">Precision:</text>		
		<text id="divisionSelect">Select type:</text>				
		
		<text id="propComboLEFTTOP">Left Top</text>		
		<text id="propComboSTACKEDRIGHTRIGHT">Stacked Right</text>
		<text id="propComboMEDIUMSTACKEDRIGHTRIGHT">Medium Stacked</text>
		<text id="propComboSHORTSTACKEDRIGHTRIGHT">Short Stacked</text>
		<text id="propComboRIGHTTOP">Right Top</text>
		<text id="propComboLEFT/\RIGHT">Left / \ Right</text>
		<text id="propComboLEFT)(RIGHT">Left ) ( Right</text>
		<text id="propCombo:RIGHT=RIGHT">: Right = Right</text>
		<text id="propComboSTACKEDLEFTLEFT">Stacked Left</text>
		<text id="propComboSTACKEDLEFTLINETOP">Stacked Left Top</text>
	
	<!-- tooltip -->	
		<text id="tt_menu_file_new">New Formula</text>
		<text id="tt_menu_file_open">Open Formula</text>
		<text id="tt_menu_import_word">Import formulas from Word</text>
		<text id="tt_menu_file_save">Save Formula</text>
		<text id="tt_menu_file_image">Create image for formula</text>
		<text id="tt_menu_file_xml">View MathML</text>
		<text id="tt_menu_file_tex">View Latex</text>
		<text id="tt_menu_file_prop">View Properties</text>
		<text id="tt_menu_style_zoom">Zoom</text>
		<text id="tt_menu_edit_cut">Cut</text>
		<text id="tt_menu_edit_copy">Copy</text>
		<text id="tt_menu_edit_paste">Paste</text>
		<text id="tt_menu_edit_undo">Undo</text>
		<text id="tt_menu_edit_redo">Redo</text>
		<text id="tt_menu_style_family">Change the fonts</text>
		<text id="tt_menu_style_size">Change the font size</text>
		<text id="tt_menu_style_bold">Change to bold</text>
		<text id="tt_menu_style_italic">Change to italic</text>
		<text id="tt_menu_style_color">Change the color</text>
		<text id="tt_menu_style_bgcolor">Change the background color</text>
		<text id="tt_toolbar_E1_0">Sans-Serif Font</text>
		<text id="tt_toolbar_E1_1">Monospace Font</text>
		<text id="tt_toolbar_E1_2">Fraktur Font</text>
		<text id="tt_toolbar_E1_3">Double Struck Font</text>
		<text id="tt_toolbar_E1_4">Script Font</text>
		<text id="tt_toolbar_E1_5">Greek Font</text>
		<text id="tt_toolbar_E1_6">Cyrillic Font</text>
		<text id="tt_toolbar_E1_7">Latin Font</text>
		<text id="tt_toolbar_Unicode">Unicode Chars</text>
		<text id="tt_toolbar_Equation1">Basic symbols</text>
		<text id="tt_toolbar_Fraction1">Fraction, Radical and Accent</text>
		<text id="tt_toolbar_Fence">Brackets</text>
		<text id="tt_toolbar_Sum">Sum, Prod and Integrals</text>
		<text id="tt_toolbar_Matrix">Matrix</text>
		<text id="tt_toolbar_space">Spaces</text>
		<text id="tt_toolbar_wizard">Wizards</text>
		<text id="tt_toolbar_sample">Functions</text>
		<text id="tt_toolbar_trigo">Trigonometric Functions</text>

		<text id="tt_toolbar_E2_7">Symbols (Set 1)</text>
		<text id="tt_toolbar_E2_8">Symbols (Set 2)</text>
		<text id="tt_toolbar_E2_9">Symbols (Set 3)</text>
		<text id="tt_toolbar_E2_5">Arrows (Set 1)</text>
		<text id="tt_toolbar_E2_6">Arrows (Set 2)</text>
		<text id="tt_toolbar_E2_0">Punctuation Symbols</text>
		<text id="tt_toolbar_E2_1">Super Sub Script</text>
		<text id="tt_toolbar_E2_2">Currency</text>
		<text id="tt_toolbar_E2_3">Miscellaneous Symbols</text>
		<text id="tt_toolbar_E2_4">Letter-like Symbols Number Forms</text>

		<text id="tt_toolbar_E4_1">Geometric Shapes 1</text>
		<text id="tt_toolbar_E4_2">Supplemental Arrows</text>
		<text id="tt_toolbar_E4_3">Box Drawing</text>
		<text id="tt_toolbar_E4_4">Block Elements</text>
		<text id="tt_toolbar_E4_0">Drawings</text>
		
		<text id="tt_toolbar_trigo_sin">Basic Trigo Ratios</text>
		<text id="tt_toolbar_trigo_arcsin">Inverse Trigo Ratios</text>
		
		<text id="tt_menu_look_design">Change Editor Design</text>
		<text id="tt_menu_look_theme">Change Theme</text>
		<text id="tt_menu_look_language">Change Language</text>

		<text id="tt_menu_help">Help</text>
	</translate>
</configuration>