<?xml version="1.0" encoding="UTF-8"?>
<beans xmlns="http://www.springframework.org/schema/beans"
	xmlns:xsi="http://www.w3.org/2001/XMLSchema-instance"
	xmlns:context="http://www.springframework.org/schema/context"
	xmlns:jdbc="http://www.springframework.org/schema/jdbc"
	xmlns:jee="http://www.springframework.org/schema/jee"
	xmlns:jpa="http://www.springframework.org/schema/data/jpa"
	xmlns:aop="http://www.springframework.org/schema/aop"
	default-lazy-init="true"
	xmlns:tx="http://www.springframework.org/schema/tx"
	xsi:schemaLocation="http://www.springframework.org/schema/jee http://www.springframework.org/schema/jee/spring-jee-4.0.xsd
		http://www.springframework.org/schema/jdbc http://www.springframework.org/schema/jdbc/spring-jdbc-4.0.xsd
		http://www.springframework.org/schema/aop http://www.springframework.org/schema/aop/spring-aop-4.0.xsd
		http://www.springframework.org/schema/beans http://www.springframework.org/schema/beans/spring-beans-4.0.xsd
		http://www.springframework.org/schema/data/jpa http://www.springframework.org/schema/data/jpa/spring-jpa-1.3.xsd
		http://www.springframework.org/schema/tx http://www.springframework.org/schema/tx/spring-tx.xsd
		http://www.springframework.org/schema/context http://www.springframework.org/schema/context/spring-context.xsd">


	<description>Spring公共配置 </description>

	<!-- 使用annotation 自动注册bean, 并保证@Required、@Autowired的属性被注入 -->
	<context:component-scan base-package="com.jeff.tianti"/>

	<!-- Jpa Entity Manager 配置 -->
	<bean id="entityManagerFactory" class="org.springframework.orm.jpa.LocalContainerEntityManagerFactoryBean"> 
		<property name="dataSource" ref="dataSource"/>
		<property name="jpaVendorAdapter" ref="hibernateJpaVendorAdapter"/>
		<property name="packagesToScan">
			<list>
				<value>com.jeff.tianti</value>
				<!-- <value>com.vision.edu</value> -->
			</list>
		</property>
		<property name="jpaProperties">
			<props>
				<!-- 命名规则 My_NAME->MyName -->
				<prop key="hibernate.ejb.naming_strategy">org.hibernate.cfg.ImprovedNamingStrategy</prop>
			</props>
		</property>
	</bean>
	
	<bean id="hibernateJpaVendorAdapter" class="org.springframework.orm.jpa.vendor.HibernateJpaVendorAdapter">
		<property name="databasePlatform">
			<bean factory-method="getDialect" class="org.springside.modules.persistence.Hibernates">
				<constructor-arg ref="dataSource"/>
			</bean>
		</property>
		
		<property name="generateDdl" value="true" />
		<property name="showSql" value="true" />
		<!--  
		<property name="jpaPropertyMap">
			<map>
				<entry key="hibernate.query.substitutions" value="true 1, false 0" />
				<entry key="hibernate.default_batch_fetch_size" value="16" />
				<entry key="hibernate.max_fetch_depth" value="2" />
				<entry key="hibernate.generate_statistics" value="true" />
				<entry key="hibernate.bytecode.use_reflection_optimizer" value="true" />
				<entry key="hibernate.cache.use_second_level_cache" value="false" />
				<entry key="hibernate.cache.use_query_cache" value="false" />
			</map>
		</property>
		-->
	</bean>

	<!-- Spring Data Jpa配置 -->
 	<jpa:repositories base-package="com.jeff.tianti"  transaction-manager-ref="transactionManager" entity-manager-factory-ref="entityManagerFactory"/>
   
	<!-- Jpa 事务配置 -->
	<bean id="transactionManager" class="org.springframework.orm.jpa.JpaTransactionManager">
		<property name="entityManagerFactory" ref="entityManagerFactory"/>
	</bean>
	
	<!-- 事务声明配置 -->
	<tx:advice id="txAdvice" transaction-manager="transactionManager">
		<tx:attributes>
			<tx:method name="save*" propagation="REQUIRED" />
			<tx:method name="create*" propagation="REQUIRED" />
			<tx:method name="remove*" propagation="REQUIRED" />
			<tx:method name="del*" propagation="REQUIRED" />
			<tx:method name="update*" propagation="REQUIRED" />
			<tx:method name="modify*" propagation="REQUIRED" />
			<tx:method name="get*" propagation="REQUIRED" />
			<tx:method name="find*" propagation="REQUIRED" />
			<tx:method name="do*" propagation="REQUIRED" />
			<tx:method name="*" propagation="REQUIRED" read-only="true"/>
		</tx:attributes>
	</tx:advice>
	<aop:config>
		<aop:pointcut expression="execution (* com.jeff..service..*.*(..))" id="txPointcut"/>
		<aop:advisor advice-ref="txAdvice" pointcut-ref="txPointcut"/>
	</aop:config>

	<!-- JSR303 Validator定义 -->
 	<bean id="validator" class="org.springframework.validation.beanvalidation.LocalValidatorFactoryBean" />
	
 	<!-- jdbcTemplate配置 -->
	<bean id = "jdbcTemplate" class = "org.springframework.jdbc.core.JdbcTemplate">   
        <property name = "dataSource" ref="dataSource"/>   
    </bean>
 	
	<!-- production环境 -->
 	<beans profile="production">
 		<context:property-placeholder ignore-unresolvable="true"
			location="classpath*:/application.production.properties" />	
		
		<!-- 数据源配置, 使用Tomcat JDBC连接池 -->
		<bean id="dataSource" class="org.apache.tomcat.jdbc.pool.DataSource" destroy-method="close">
			<!-- Connection Info -->
			<property name="driverClassName" value="${jdbc.driver}" />
			<property name="url" value="${jdbc.url}" />
			<property name="username" value="${jdbc.username}" />
			<property name="password" value="${jdbc.password}" />
		
			<!-- Connection Pooling Info -->
			<property name="maxActive" value="${jdbc.pool.maxActive}" />
			<property name="maxIdle" value="${jdbc.pool.maxIdle}" />
			<property name="minIdle" value="0" />
			<property name="defaultAutoCommit" value="false" />
			<property name="validationQuery" value="select 1" />
		</bean>
		
		<!-- 数据源配置,使用应用服务器的数据库连接池 -->
		<!--<jee:jndi-lookup id="dataSource" jndi-name="java:comp/env/jdbc/ExampleDB" />-->
	</beans>
	
	<!-- local development环境 -->
	<beans profile="development">
		<context:property-placeholder ignore-resource-not-found="true"
			location="classpath*:/application.development.properties" />	

		<!-- Tomcat JDBC连接池 -->
		<bean id="dataSource" class="org.apache.tomcat.jdbc.pool.DataSource" destroy-method="close">
			<property name="driverClassName" value="${jdbc.driver}" />
			<property name="url" value="${jdbc.url}" />
			<property name="username" value="${jdbc.username}" />
			<property name="password" value="${jdbc.password}" />
			
			<!-- Connection Pooling Info -->
			<property name="maxActive" value="${jdbc.pool.maxActive}" />
			<property name="maxIdle" value="${jdbc.pool.maxIdle}" />
			<property name="minIdle" value="0" />
			<property name="defaultAutoCommit" value="false" />
			<property name="validationQuery" value="select 1" />
		</bean>
	</beans>	
</beans>
